username,hour,timestamp,director,duration,movie,rating,release_year,title
Amy Morgan,3/22/25 10:00,3/22/25 12:01,Lewis Milestone,127,Ocean's Eleven,4,1960,Ocean's Eleven
Amy Morgan,3/22/25 10:00,3/22/25 12:02,Reinhard Klooss,93,Pets United,4,2020,Pets United
Amy Morgan,3/22/25 10:00,3/22/25 12:03,Kim Joo-hyung,46,Lee Su-geun: The Sense Coach,8,2021,Lee Su-geun: The Sense Coach
Amy Morgan,3/22/25 10:00,3/22/25 12:04,David Mrnka,124,Milada,2,2017,Milada
Amy Morgan,3/22/25 10:00,3/22/25 12:05,Liz Plonka,61,"Norm Macdonald: Hitler's Dog, Gossip & Trickery",5,2017,"Norm Macdonald: Hitler's Dog, Gossip & Trickery"
Amy Morgan,3/22/25 10:00,3/22/25 12:06,Kevin Smith,105,Jay and Silent Bob Strike Back,10,2001,Jay and Silent Bob Strike Back
Amy Morgan,3/22/25 10:00,3/22/25 12:07,Olivia Newman,103,First Match,7,2018,First Match
Amy Morgan,3/22/25 10:00,3/22/25 12:08,Daniel Alfredson,90,Blackway,3,2015,Blackway
Amy Morgan,3/22/25 10:00,3/22/25 12:09,Brian Robbins,92,A Thousand Words,4,2012,A Thousand Words
Amy Morgan,3/22/25 10:00,3/22/25 12:10,Jonathan Hensleigh,106,Kill the Irishman,5,2011,Kill the Irishman
Amy Morgan,3/22/25 10:00,3/22/25 12:11,Vicky Matthews,54,Secrets of Highclere Castle,9,2013,Secrets of Highclere Castle
Amy Morgan,3/22/25 10:00,3/22/25 12:12,Danny Boyle,122,Steve Jobs,9,2015,Steve Jobs
Amy Morgan,3/22/25 10:00,3/22/25 12:13,Alain Darborg,86,Red Dot,10,2021,Red Dot
Amy Morgan,3/22/25 10:00,3/22/25 12:14,Mark Raso,99,Copenhagen,6,2014,Copenhagen
Amy Morgan,3/22/25 10:00,3/22/25 12:15,Eli Roth,99,Knock Knock,1,2015,Knock Knock
Amy Morgan,3/22/25 10:00,3/22/25 12:16,Sylvie Verheyde,103,Sex Doll,5,2016,Sex Doll
Amy Morgan,3/22/25 10:00,3/22/25 12:17,Ahmad El-Badri,110,The Player,10,2012,The Player
Amy Morgan,3/22/25 10:00,3/22/25 12:18,Abhinay Deo,135,Game,10,2011,Game
Amy Morgan,3/22/25 10:00,3/22/25 12:19,J.C. Falcón,108,People You May Know,5,2016,People You May Know
Amy Morgan,3/22/25 10:00,3/22/25 12:20,"Alex Parkinson, Richard da Costa",86,Last Breath,6,2019,Last Breath
Amy Morgan,3/22/25 10:00,3/22/25 12:21,Kathryn Fasegha,107,2 Weeks in Lagos,1,2020,2 Weeks in Lagos
Amy Morgan,3/22/25 10:00,3/22/25 12:22,Kimmy Gatewood,94,Good on Paper,1,2021,Good on Paper
Amy Morgan,3/22/25 10:00,3/22/25 12:23,"David Tryhorn, Ben Nicholas",109,Pelé,2,2021,Pelé
Amy Morgan,3/22/25 10:00,3/22/25 12:24,Dante Lam,139,Operation Red Sea,3,2018,Operation Red Sea
Amy Morgan,3/22/25 10:00,3/22/25 12:25,Joey So,23,Thomas & Friends: Thomas and the Royal Engine,8,2020,Thomas & Friends: Thomas and the Royal Engine
Amy Morgan,3/22/25 10:00,3/22/25 12:26,Jeannie Gaffigan,74,Jim Gaffigan: Cinco,1,2017,Jim Gaffigan: Cinco
Amy Morgan,3/22/25 10:00,3/22/25 12:27,Felix Starck,85,Pedal the World,9,2015,Pedal the World
Amy Morgan,3/22/25 10:00,3/22/25 12:28,Rano Karno,86,Si Doel the Movie,7,2018,Si Doel the Movie
Amy Morgan,3/22/25 10:00,3/22/25 12:29,Not Given,23,Oddbods: Party Monsters,4,2018,Oddbods: Party Monsters
Angela Kelly,3/22/25 10:00,3/22/25 12:01,Amber Tamblyn,96,Paint It Black,6,2016,Paint It Black
Angela Kelly,3/22/25 10:00,3/22/25 12:02,Delhiprasad Deenadayalan,145,Tughlaq Durbar,1,2020,Tughlaq Durbar
Angela Kelly,3/22/25 10:00,3/22/25 12:03,Toshiyuki Kubooka,92,Berserk: The Golden Age Arc II - The Battle for Doldrey,8,2012,Berserk: The Golden Age Arc II - The Battle for Doldrey
Angela Kelly,3/22/25 10:00,3/22/25 12:04,John Carchietta,89,Teenage Cocktail,1,2016,Teenage Cocktail
Angela Kelly,3/22/25 10:00,3/22/25 12:05,Jay Chapman,58,D.L. Hughley: Contrarian,10,2018,D.L. Hughley: Contrarian
Angela Kelly,3/22/25 10:00,3/22/25 12:06,Elisabeth Vogler,84,Paris Is Us,5,2019,Paris Is Us
Angela Kelly,3/22/25 10:00,3/22/25 12:07,Matthew Hope,100,All the Devil's Men,6,2018,All the Devil's Men
Angela Kelly,3/22/25 10:00,3/22/25 12:08,Benjamin Weill,81,West Coast,10,2016,West Coast
Angela Kelly,3/22/25 10:00,3/22/25 12:09,Jonathan Hensleigh,109,The Ice Road,3,2021,The Ice Road
Angela Kelly,3/22/25 10:00,3/22/25 12:10,Nia Dinata,113,Arisan 2,2,2011,Arisan 2
Angela Kelly,3/22/25 10:00,3/22/25 12:11,Stacie Passon,96,Concussion,2,2013,Concussion
Angela Kelly,3/22/25 10:00,3/22/25 12:12,Drake Doremus,91,Like Crazy,7,2011,Like Crazy
Angela Kelly,3/22/25 10:00,3/22/25 12:13,Tirumala Kishore,143,Red,7,2021,Red
Angela Kelly,3/22/25 10:00,3/22/25 12:14,Marcus Raboy,67,Marlon Wayans: Woke-ish,9,2018,Marlon Wayans: Woke-ish
Angela Kelly,3/22/25 10:00,3/22/25 12:15,Cris D'Amato,105,Double Dad,9,2020,Double Dad
Angela Kelly,3/22/25 10:00,3/22/25 12:16,Andrzej Bartkowiak,105,Doom,8,2005,Doom
Angela Kelly,3/22/25 10:00,3/22/25 12:17,John Asher,67,Theo Von: No Offense,2,2016,Theo Von: No Offense
Angela Kelly,3/22/25 10:00,3/22/25 12:18,Sacha Wolff,99,Mercenary,7,2016,Mercenary
Angela Kelly,3/22/25 10:00,3/22/25 12:19,Sara Colangelo,97,The Kindergarten Teacher,7,2018,The Kindergarten Teacher
Angela Kelly,3/22/25 10:00,3/22/25 12:20,Kim Jee-woon,140,Illang: The Wolf Brigade,3,2018,Illang: The Wolf Brigade